,TF,gene,bestMotif,NES,Genie3Weight,Confidence
0,EP300,CHD7,dbcorrdb__IRF3__ENCSR000DZX_1__m4,4.0,0.0082389271102292,Low
1,EP300,EP300,dbcorrdb__IRF3__ENCSR000DZX_1__m4,4.0,0.0018606059449335602,Low
2,EP300,PRKCE,dbcorrdb__IRF3__ENCSR000DZX_1__m4,4.0,0.00582524619205607,Low
3,EP300,SETD1B,dbcorrdb__IRF3__ENCSR000DZX_1__m4,4.0,0.0040458066688177285,Low
10,FOSL1,FOSL1,swissregulon__hs__FOS_FOS_B_L1__JUN_B_D_.p2,9.23,,High
11,FOSL1,RUNX3,swissregulon__hs__FOS_FOS_B_L1__JUN_B_D_.p2,9.23,0.00238487957955625,High
12,FOSL1,VDR,swissregulon__hs__FOS_FOS_B_L1__JUN_B_D_.p2,8.99,0.00129675872496215,High
13,FOSL1,MYBL1,stark__TGANTCA,7.42,0.00289663481531342,High
14,FOSL1,SOX10,stark__TGANTCA,7.42,0.00193871724015583,High
15,FOSL1,CHEK1,dbcorrdb__SMARCC1__ENCSR000EDM_1__m1,7.1,0.0012649590266135,Low
16,FOSL1,PLK1,dbcorrdb__JUND__ENCSR000EBZ_1__m2,3.74,0.00116259108403499,Low
17,FOSL1,CBFB,jaspar__MA0591.1,3.52,0.00131090644104437,Low
18,GATA4,GATA4,cisbp__M0785,3.95,,High
20,HOXB6,LHX1,cisbp__M0913,5.16,0.0028646671296276,Low
21,HOXB6,GATA4,cisbp__M0913,4.2,0.00107961885374334,Low
22,HOXB6,HOXB6,flyfactorsurvey__Ubx_SOLEXA_FBgn0003944,3.12,,High
23,IRF7,KDM2A,swissregulon__hs__IRF1_2_7.p3,9.91,0.00396661997211114,High
25,IRF7,TP73,cisbp__M6309,6.98,0.00108997075997523,Low
26,IRF7,JUNB,jaspar__MA0517.1,6.22,0.00147602576624112,Low
28,IRF7,RELB,transfac_pro__M00972,3.37,0.00540297848433294,High
29,IRF7,IRF7,swissregulon__hs__IRF1_2_7.p3,20.2,,High
30,IRF7,ZBTB17,swissregulon__hs__IRF1_2_7.p3,15.6,0.00751086416487281,High
31,JUN,STK11,cisbp__M0287,5.87,0.006429803206746829,Low
33,JUN,JUN,taipale_cyt_meth__JUN_NATGACGTCAYN_FL,5.68,,High
34,JUN,JUNB,transfac_public__M00041,4.31,0.00803679453852789,High
35,JUN,KLF6,transfac_pro__M07684,4.25,0.00333418287783476,High
36,JUN,TGIF1,transfac_public__M00041,3.74,0.00195515394008022,High
37,JUNB,JUNB,transfac_pro__M03551,6.52,,High
39,JUNB,JUN,cisbp__M0312,4.78,0.0127648946610403,High
40,JUNB,RELB,cisbp__M0312,4.78,0.0102686548325859,High
41,JUNB,FOSL1,swissregulon__hs__FOS_FOS_B_L1__JUN_B_D_.p2,4.52,0.0019157921002729602,High
42,JUNB,VDR,swissregulon__hs__FOS_FOS_B_L1__JUN_B_D_.p2,4.52,0.0021294854614373197,High
44,KLF6,KLF6,transfac_pro__M07937,3.0,,High
45,KLF6,TGIF1,transfac_pro__M07937,3.0,0.0033400724086605307,High
46,LHX1,TP73,cisbp__M0928,4.3,0.0017991781629751,Low
47,LHX1,LHX1,cisbp__M0931,3.85,,High
49,MITF,LATS2,cisbp__M6345,5.81,0.00450418400096257,High
50,MITF,SOX5,cisbp__M6345,5.81,0.00105212136754649,High
51,MITF,GATA4,cisbp__M0208,5.58,0.0011495189289889099,High
52,MITF,KLF6,cisbp__M0208,5.58,0.00147201469528687,High
53,MITF,MAPK1,cisbp__M0208,5.58,0.0031406329373378,High
54,MITF,ZEB2,transfac_pro__M01029,5.19,0.00123156255278466,High
55,MITF,ADCK3,jaspar__MA0620.1,5.16,0.0019014421737633,High
56,MITF,PBRM1,jaspar__MA0620.1,5.16,0.0025196547738272398,High
57,MITF,PRKCE,jaspar__MA0620.1,5.16,0.021653766523156003,High
58,MITF,RIPK2,jaspar__MA0620.1,5.16,0.0013703997466318696,High
59,MITF,DSTYK,homer__RTCATGTGAC_MITF,4.79,0.00622742214647514,High
61,MITF,MITF,homer__RTCATGTGAC_MITF,4.07,,High
62,MITF,SOX10,transfac_pro__M01034,3.7,0.0121336867345305,High
66,MYBL1,MYBL1,cisbp__M5643,5.75,,High
67,MYBL1,BUB1B,taipale__MYBL1_DBD_NNAACCGTTNN_repr,4.2,0.00956920539008747,High
68,MYBL1,CBFB,taipale__MYBL1_DBD_NNAACCGTTNN_repr,4.2,0.00151551869800515,High
70,MYBL1,DYRK1A,taipale__MYBL1_DBD_NNAACCGTTNN_repr,4.2,0.0011242082815764696,High
72,MYBL1,PLK1,cisbp__M1357,4.11,0.0011315397702431,High
73,MYBL1,PRPF4B,cisbp__M1355,3.2,0.0011133507002705802,Low
74,MYBL1,PTK2,cisbp__M1357,3.15,0.0013302119971344301,High
75,NFATC2,NFATC2,transfac_pro__M07608,4.87,,High
76,NFYA,BRD2,dbcorrdb__NFYA__ENCSR000DNN_1__m1,3.88,0.0185158939590439,High
77,NFYA,NFYA,dbcorrdb__NFYA__ENCSR000DNN_1__m1,3.88,,High
78,NFYA,SRF,dbcorrdb__E2F4__ENCSR000DYY_1__m2,3.54,0.0062249131920181396,Low
79,NR1I2,NR1I2,dbcorrdb__NR2F2__ENCSR000BRS_1__m2,3.12,,Low
80,NR1I2,KDM2A,bergman__EcR_usp,3.11,0.00463420716535152,High
81,POLR2A,POLR2A,dbcorrdb__POLR2A__ENCSR000BHI_1__m1,7.75,,High
82,POLR2A,SETD1B,dbcorrdb__POLR2A__ENCSR000BHH_1__m1,4.98,0.00479641443689744,High
83,POLR2A,EP300,dbcorrdb__POLR2A__ENCSR000FAW_1__m2,3.86,0.00128830889915523,High
84,POLR2A,KDM2A,dbcorrdb__POLR2A__ENCSR000FAW_1__m2,3.86,0.001993648217051661,High
85,POLR2A,KMT2D,dbcorrdb__POLR2A__ENCSR000BHI_1__m1,3.36,0.00262905995440018,High
86,POLR2A,RUNX3,dbcorrdb__POLR2A__ENCSR000BHI_1__m1,3.36,0.00101248101100655,High
87,POLR2A,PLK1,dbcorrdb__POLR2A__ENCSR000DLV_1__m1,3.14,0.00122753857132422,High
91,RELB,RELB,transfac_pro__M01239,8.51,,High
92,RELB,VDR,transfac_pro__M01239,8.51,0.008542976130681959,High
93,RELB,JUNB,transfac_pro__M01239,7.98,0.0137445206908835,High
94,RELB,IRF7,cisbp__M4491,5.97,0.00627296317510205,Low
95,RELB,NR1I2,hocomoco__NFKB2_HUMAN.H11MO.0.B,5.8,0.00109918874633598,Low
100,RELB,RUNX3,transfac_pro__M07885,3.86,0.00100435046970746,High
101,RELB,ZBTB17,transfac_pro__M07885,3.86,0.00134098946414334,High
102,RELB,CSK,cisbp__M6448,3.79,0.00207514341663645,High
103,RELB,KDM2A,cisbp__M6448,3.79,0.0016746826918004301,High
104,RELB,TP73,cisbp__M6448,3.79,0.0022798608345440396,High
105,RELB,GFI1,transfac_pro__M07884,3.15,0.00314602529150403,High
106,RELB,MAPKAPK2,idmmpmm__dl,3.06,0.00270238653200696,High
107,RUNX3,RUNX3,hocomoco__RUNX3_MOUSE.H11MO.0.A,3.26,,High
108,SIX5,CSK,dbcorrdb__ZNF143__ENCSR000ECO_1__m1,3.52,0.00107405472172526,Low
109,SIX5,SETD1B,dbcorrdb__ZNF143__ENCSR000ECO_1__m1,3.52,0.00259700454475315,Low
110,SIX5,SRF,hocomoco__ZNF76_HUMAN.H11MO.0.C,3.01,0.0035380683098547795,Low
111,SOX10,SOX10,taipale_cyt_meth__SOX10_AACAATNNNNNNATTGTT_FL_repr,6.78,,High
112,SOX10,SOX5,taipale_cyt_meth__SOX10_AACAATNNNNNNATTGTT_FL_meth,6.76,0.00806910434900969,High
113,SOX10,DSTYK,hocomoco__SOX10_HUMAN.H11MO.0.B,5.9,0.0066391529169811,High
114,SOX10,MITF,taipale_cyt_meth__SOX10_AACAATNNNNNNATTGTT_FL_repr,5.61,0.0118430331379576,High
115,SP1,INO80,dbcorrdb__ZMIZ1__ENCSR000EFQ_1__m1,4.63,0.00131826810054743,Low
116,SP1,MAP3K1,dbcorrdb__ZMIZ1__ENCSR000EFQ_1__m1,4.63,0.0022567612109307697,Low
117,SP1,SOX5,dbcorrdb__ZMIZ1__ENCSR000EFQ_1__m1,4.63,0.00107513847507645,Low
118,SP1,SP1,dbcorrdb__SP1__ENCSR000BKO_1__m2,4.21,,High
119,SP1,KMT2D,transfac_pro__M01219,3.84,0.00724430187355253,High
120,SP1,NSD1,transfac_pro__M01219,3.84,0.0102590440610323,High
121,SP1,SETD1B,transfac_pro__M01219,3.84,0.00625928475486006,High
122,SP1,PLK2,dbcorrdb__BRF1__ENCSR000DNW_1__m2,3.66,0.00314365703952758,Low
123,SP1,NFATC2,dbcorrdb__XRCC4__ENCSR000FAC_1__m1,3.62,0.0017972968079464605,Low
124,SP1,BRD2,transfac_pro__M01219,3.06,0.00209423028546693,High
125,SP1,DYRK1A,transfac_pro__M01219,3.06,0.00161715335124824,High
126,SP1,EP300,transfac_pro__M01219,3.06,0.00188573395859822,High
127,SP1,NFAT5,transfac_pro__M01219,3.06,0.00250791649522819,High
128,SP1,VEZF1,transfac_pro__M01219,3.06,0.00125869946021935,High
129,SRF,BRD2,cisbp__M0713,5.07,0.00695080419608873,Low
130,SRF,SRF,dbcorrdb__SRF__ENCSR000BLK_1__m1,4.52,,High
131,SRF,NFYA,taipale_cyt_meth__GABPA_NACCGGAAGTN_eDBD,4.48,0.002716341405208811,Low
133,SRF,THAP11,dbcorrdb__POLR2A__ENCSR000DMK_1__m1,4.47,0.00160633593803224,Low
134,SRF,MAPKAPK2,cisbp__M1300,3.18,0.00556122755893422,High
136,TGIF1,JUN,transfac_public__M00039,5.06,0.0014955545258689,Low
137,TGIF1,TGIF1,cisbp__M1217,3.49,,Low
138,TGIF1,KLF6,cisbp__M1136,3.0,0.0033900728854804802,High
153,THAP11,THAP11,hocomoco__THA11_HUMAN.H11MO.0.B,4.76,,High
154,THAP11,ADCK3,hocomoco__THA11_MOUSE.H11MO.0.B,3.73,0.0011131118384969901,High
155,THAP11,CBFB,factorbook__ZNF143-ext,3.7,0.00116519359590859,Low
157,THAP11,SRF,dbcorrdb__SIX5__ENCSR000BGX_1__m1,3.47,0.0012273358081535302,Low
158,THAP11,CSNK2A2,homer__AACTACAATTCCCAGAATGC_GFY-Staf,3.19,0.0130483562696517,Low
159,TP73,TP73,cisbp__M6117,3.61,,High
160,VDR,VDR,tfdimers__MD00324,4.44,,High
161,YBX1,BUB1B,dbcorrdb__IRF3__ENCSR000EDF_1__m1,4.8,0.0018960644280285601,Low
164,YBX1,PLK1,transfac_pro__M03805,3.57,0.00200752597054421,High
166,YBX1,YBX1,transfac_pro__M03805,3.57,,High
167,ZBTB17,CSK,dbcorrdb__FOS__ENCSR000FAI_1__m2,4.86,0.00127241976259145,Low
168,ZBTB17,KDM2A,dbcorrdb__FOS__ENCSR000FAI_1__m2,4.86,0.00172620510005599,Low
169,ZBTB17,SIX5,dbcorrdb__FOS__ENCSR000FAI_1__m2,4.86,0.00499192579300603,Low
170,ZBTB17,STK11,dbcorrdb__FOS__ENCSR000FAI_1__m2,4.86,0.0020821303644454397,Low
171,ZBTB17,TP73,dbcorrdb__FOS__ENCSR000FAI_1__m2,4.86,0.00129109306354175,Low
172,ZBTB17,GLI4,hocomoco__SP1_HUMAN.H11MO.0.A,3.96,0.002441815209632111,Low
173,ZBTB17,MAP2K7,hocomoco__SP1_HUMAN.H11MO.0.A,3.96,0.00247859984162101,Low
175,ZFX,DYRK1A,dbcorrdb__EZH2__ENCSR000ARK_1__m4,3.53,0.0125780360027487,Low
176,ZFX,ZFX,dbcorrdb__EZH2__ENCSR000ARK_1__m4,3.53,,Low
